Fund Name,P1,P2,P3,P4,P5,Topsis Score,Rank
M1,0.86,0.74,5.4,40.5,11.88,0.6849852661093202,2
M2,0.62,0.38,5.5,61.4,16.98,0.38845148453408546,6
M3,0.91,0.83,3.4,43.3,12.11,0.6045534479938388,4
M4,0.85,0.72,5.8,47.4,13.69,0.7008881635018342,1
M5,0.6,0.36,4.4,58.7,16.02,0.29704616418754126,8
M6,0.7,0.49,3.6,47.6,13.1,0.3294505671547938,7
M7,0.87,0.76,5.4,36.6,10.91,0.676559320849938,3
M8,0.67,0.45,5.6,44.8,12.88,0.43870358543273014,5
